wind_speed,yaw_error,rotor_speed,blade_pitch,rotor_yaw
12.4,5.0,1.40,2.1,180.0
8.1,-2.3,0.95,0.0,175.5
15.2,12.1,1.65,5.4,192.1
11.8,-0.5,1.38,1.8,180.0
4.3,1.1,0.52,0.0,178.9
22.1,18.4,1.82,14.2,210.5
13.0,3.0,1.48,2.5,183.0
10.5,-4.1,1.21,0.8,176.0
14.1,6.7,1.55,3.9,185.2
7.9,1.5,0.88,0.0,181.0
11.2,-1.9,1.30,1.2,179.0
16.0,-8.4,1.71,6.8,172.5
12.9,2.2,1.46,2.2,182.0
9.4,0.0,1.08,0.2,180.0
18.3,14.6,1.78,9.5,195.0
11.5,3.3,1.32,1.5,183.5
6.8,-5.0,0.78,0.0,174.0
13.7,-2.1,1.51,3.1,178.0
15.9,7.8,1.68,6.2,188.0
10.2,0.8,1.18,0.5,181.0
12.1,-1.2,1.39,1.9,179.0
14.5,4.4,1.58,4.2,184.0
8.7,-3.6,1.01,0.0,176.5
19.1,-11.2,1.79,11.0,168.0
11.0,1.9,1.28,1.1,182.0
13.3,-0.8,1.49,2.8,179.0
5.5,2.5,0.64,0.0,182.5
16.8,9.1,1.73,7.5,189.0
12.6,3.7,1.43,2.3,184.0
9.9,-2.0,1.14,0.4,178.0
14.0,-5.5,1.54,3.8,174.5
10.8,0.2,1.25,0.9,180.0
12.2,4.1,1.41,2.0,184.0
7.4,-1.8,0.82,0.0,178.0
15.0,10.5,1.64,5.1,190.5
11.9,-0.2,1.37,1.8,180.0
4.9,0.8,0.58,0.0,181.0
21.5,16.2,1.81,13.5,206.0
13.1,2.8,1.47,2.4,183.0
10.4,-3.9,1.22,0.7,176.0
14.3,6.1,1.56,4.0,186.0
7.6,1.1,0.85,0.0,181.0
11.4,-1.5,1.31,1.3,178.5
16.4,-7.9,1.72,7.1,173.0
12.8,2.0,1.45,2.1,182.0
9.2,0.1,1.06,0.1,180.0
18.6,13.9,1.77,9.9,194.0
11.3,3.0,1.31,1.4,183.0
6.5,-4.7,0.74,0.0,175.0
13.5,-1.9,1.50,3.0,178.0
15.6,7.2,1.66,5.9,187.0
10.0,0.6,1.15,0.4,181.0
12.3,-1.0,1.40,2.0,179.0
14.7,4.0,1.59,4.4,184.0
8.5,-3.2,0.98,0.0,177.0
19.5,-10.8,1.80,11.5,169.0
11.1,1.7,1.29,1.2,182.0
13.4,-0.6,1.50,2.9,179.0
5.8,2.1,0.68,0.0,182.0
17.1,8.7,1.74,7.8,189.0
12.5,3.4,1.42,2.2,183.0
9.7,-1.7,1.11,0.3,178.5
14.2,-5.1,1.55,4.0,175.0
10.7,0.0,1.24,0.8,180.0